"hashtag_id","hashtag_name","country","rank","video_views","publish_count","industry_value"
"7395083318573826049","mlbbnext2025","Malaysia",1,216466929,23523,"Games"
"7491375515870658565","mlbbobsidia","Malaysia",2,45664920,15396,"Games"
"1626681107077126","aiteam","Malaysia",3,404401692,7441,""
"7243453127734525954","geminiai","Malaysia",4,59167806,10657,""
"1680374816053254","ios26","Malaysia",5,43326658,933,"Tech & Electronics"
"7133019660542296110","aigemini","Malaysia",6,9329842,3663,""
"6247826","mssm","Malaysia",7,15672603,2518,"Sports & Outdoor"
"7357608755866894356","kpmm46","Malaysia",8,4344122,2566,""
"7143120066660761627","dausbatjo","Malaysia",9,66839862,605,""
"7300825514175004674","mssm2025","Malaysia",10,10574167,1834,"Sports & Outdoor"
"1688558316713990","calmglow","Malaysia",11,6881359,1286,"News & Entertainment"
"1663914007277570","aiaisyah","Malaysia",12,39202090,1074,""
"142651","ucl","Malaysia",13,15073681,623,"Sports & Outdoor"
"7125620553511075867","aiteamfamily","Malaysia",14,54128791,1009,""
"143815","impact","Malaysia",15,3412146,1738,"Games"
"13020734","kessuma","Malaysia",16,6821406,665,"Sports & Outdoor"
"738019","championsleague","Malaysia",17,19140045,461,"Sports & Outdoor"
"6826","epic","Malaysia",18,4130864,461,"Games"
"749537","schoolholiday","Malaysia",19,3656986,1298,"Travel"
"7441973821042917384","kessuma2025","Malaysia",20,3851799,519,"Sports & Outdoor"
"1662530912377861","tsitp","Malaysia",21,16182686,178,"News & Entertainment"
"1613789637435397","thesummeriturnedpretty","Malaysia",22,19915462,178,"News & Entertainment"
"23709","farina","Malaysia",23,9731935,551,""
"7459204430760509456","aiasslah","Malaysia",24,31966563,470,""
"7008460329994682395","aisofie","Malaysia",25,19251256,435,""
"1599902723935233","skywongravee","Malaysia",26,2310056,386,"News & Entertainment"
"1619716604718086","naturerush","Malaysia",27,134132,1902,"News & Entertainment"
"21297046","mbappe","Malaysia",28,15918433,438,"Sports & Outdoor"
"7461602727974404112","papj27","Malaysia",29,1133837,666,""
"124072","17","Malaysia",30,1438031,413,""
"7316037494821093377","malkodok🐸🇲🇾","Malaysia",31,23709235,437,""
"7294704823390175263","quietsnap","Malaysia",32,126343,1806,"News & Entertainment"
"74640468","chinatravel","Malaysia",33,2129226,900,"Travel"
"1617315008600070","oilcleanser","Malaysia",34,3723743,382,"Beauty & Personal Care"
"24356","nidji","Malaysia",35,1158004,242,""
"1703154012243969","aiirfan","Malaysia",36,17180141,437,""
"1634054737145861","sunsetsnap","Malaysia",37,99884,1410,"News & Entertainment"
"20455","mafia","Malaysia",38,3786946,675,""
"71956551","sunrisevibes","Malaysia",39,126276,1316,""
"1650443830113286","peakvibes","Malaysia",40,100261,1409,"News & Entertainment"
"7078","soda","Malaysia",41,8116148,401,"Food & Beverage"
"1677888924341250","sunrisedrift","Malaysia",42,87489,1285,"News & Entertainment"
"1678471533602818","lufae","Malaysia",43,7765841,263,""
"7185963527046168582","rollingrush","Malaysia",44,89419,1298,"News & Entertainment"
"1610223172788230","opendrift","Malaysia",45,80241,1213,"News & Entertainment"
"1662763957358597","goldensnap","Malaysia",46,90082,1258,"News & Entertainment"
"1658477240790022","openrush","Malaysia",47,87727,1283,"News & Entertainment"
"716809","masa","Malaysia",48,1125914,681,""
"17314336","sebum","Malaysia",49,2864826,282,"Beauty & Personal Care"
"7492472996931010566","g2gcleansingoil","Malaysia",50,325032,631,"Beauty & Personal Care"
"22108447","feekz","Malaysia",51,8578012,313,"Games"
"1650366644443137","tudmkuantan","Malaysia",52,2349261,673,"Vehicle & Transportation"
"7191290643883229211","aisyahmie","Malaysia",53,26689840,293,""
"1669046707092481","joerimau","Malaysia",54,5211966,240,"Games"
"1691663051727873","pmmsibsabah","Malaysia",55,1254381,653,""
"76954083","teamconrad","Malaysia",56,5838322,108,"News & Entertainment"
"7457862577020731399","mihas2025","Malaysia",57,1242059,574,""
"7021957033079341082","malkodok","Malaysia",58,17486816,221,""
"15903","baba","Malaysia",59,1327877,280,""
"7527617775733473287","kessumalangkawi","Malaysia",60,1518579,173,"Sports & Outdoor"
"60581349","dawnvibes","Malaysia",61,62315,868,"News & Entertainment"
"17230","sand","Malaysia",62,1065799,238,""
"1675142293172230","goldendrift","Malaysia",63,59046,820,"News & Entertainment"
"7032322287076376603","aiteam❤️","Malaysia",64,13898989,249,""
"50963552","quietvibes","Malaysia",65,68742,814,""
"7167531007866830894","peakdrift","Malaysia",66,59877,882,"News & Entertainment"
"77481452","nailong","Malaysia",67,4821716,403,"Games"
"5818184","daus","Malaysia",68,9690697,125,""
"1692877625948166","horizondrift","Malaysia",69,57945,797,"News & Entertainment"
"7338676436045135878","familyday2025","Malaysia",70,897428,425,"Baby, Kids & Maternity"
"1673171368418309","calmrush","Malaysia",71,58049,787,"News & Entertainment"
"31071150","iuno","Malaysia",72,966260,162,"Games"
"2693794","sicc","Malaysia",73,831018,348,""
"86386","season","Malaysia",74,835301,162,""
"45961766","relaxingvideos","Malaysia",75,3078673,183,"Beauty & Personal Care"
"8179554","uefachampionsleague","Malaysia",76,2629703,215,"Sports & Outdoor"
"10654","madrid","Malaysia",77,4688205,164,"Sports & Outdoor"
"7398489579554242561","kpdnkita","Malaysia",78,1346000,204,""
"143249","juventus","Malaysia",79,4857054,124,"Sports & Outdoor"
"84675","cos","Malaysia",80,3458910,378,"Games"
"9423349","amato","Malaysia",81,6546651,224,"Games"
"7519825058819211281","algemini","Malaysia",82,1194994,72,""
"780563","myinnerchild","Malaysia",83,930989,57,""
"7538327656040202247","hutatm92","Malaysia",84,1486375,184,"Vehicle & Transportation"
"45162656","relaxingvideo","Malaysia",85,762346,146,"Beauty & Personal Care"
"1612592221412353","sesb","Malaysia",86,4538513,128,""
"7137841131798134827","skynani","Malaysia",87,2339668,147,"News & Entertainment"
"5872093","bayernmunich","Malaysia",88,3150058,95,"Sports & Outdoor"
"7227516473148145670","trendgemini","Malaysia",89,1287674,306,""
"21640255","17september","Malaysia",90,156580,134,""
"1603920729467905","dynamicwallpaper","Malaysia",91,2737650,402,""
"1676386590527493","bonrad","Malaysia",92,4172558,27,"News & Entertainment"
"85126368","marudi","Malaysia",93,1135493,187,""
"405753","sib","Malaysia",94,805457,321,""
"73853558","perumal","Malaysia",95,812200,152,""
"237311","innerchild","Malaysia",96,973424,142,""
"79774926","asslah","Malaysia",97,7769108,199,""
"69245983","puratasi","Malaysia",98,506437,131,""
"52121188","sembilu","Malaysia",99,1277527,231,""
"1707148416598026","masjidalbusyramerbok","Malaysia",100,2989774,153,""
